company,current_price,liquidity,ev,sector,segment,profit_last_year,profit_2y,profit_3y,profit_4y,profit_5y,ebit,payout (%),divida_EBITDA,divida_EBITDA_1y,divida_EBITDA_2y,divida_EBITDA_3y,divida_EBITDA_4y,divida_EBITDA_5y,roe (%),roe_1y (%),roe_2y (%),roe_3y (%),roe_4y (%),roe_5y (%),roic (%),vpa,lpa,pl,pl_1y,pl_2y,pl_3y,pl_4y,pl_5y,ev_ebit,cagr (%),cagr_1y (%),cagr_2y (%),cagr_3y (%),cagr_4y (%),cagr_5y (%),pvp,pvp_1y,pvp_2y,pvp_3y,pvp_4y,pvp_5y,dy (%)
LIGHT - LIGT3,6.98,7504000,-989580000,Utilidade Pública,Energia Elétrica, 1545821000, 255161000, -5672196000,-999999,-999999,1264911000,0.00,-1.63,3.97,3.68,-7.29,-999999,-999999,41.18,29.62,8.24,-199.39,-999999,-999999,21.97,15.14,6.23,1.12,0.98,11.68,-0.30,-999999,-999999,-0.78,27.40,3.09,9.01,-999999,-999999,-999999,0.46,0.29,0.96,0.61,-999999,-999999,0.00
METALÚRGICA GERDAU - GOAU4,8.94,72514000,16496427000,Materiais Básicos,Siderurgia, 4610512000, 7585094000, 11462270000,-999999,-999999,6106128000,30.25,0.81,0.50,0.39,0.32,-999999,-999999,5.74,7.71,15.28,22.72,-999999,-999999,15.14,19.58,1.12,7.95,6.59,4.21,3.45,-999999,-999999,2.70,6.79,30.96,27.62,-999999,-999999,-999999,0.46,0.51,0.64,0.78,-999999,-999999,3.81
JHSF - JHSF3,5.30,14440000,6871318000,Consumo Cíclico,Incorporações, 861546000, 497865000, 632100000,-999999,-999999,1559221000,23.73,2.00,2.28,2.67,2.24,-999999,-999999,18.55,15.78,9.41,13.42,-999999,-999999,12.17,8.44,1.57,3.38,2.92,8.39,5.21,-999999,-999999,4.41,10.62,21.40,20.56,-999999,-999999,-999999,0.63,0.46,0.79,0.70,-999999,-999999,7.12
CEMIG - CMIG4,10.44,95362000,45001240000,Utilidade Pública,Energia Elétrica, 7119287000, 5766835000, 4094367000,-999999,-999999,9658637000,78.31,0.95,0.89,0.88,1.08,-999999,-999999,25.09,26.00,23.39,18.79,-999999,-999999,17.60,9.75,2.45,4.27,4.47,4.38,5.99,-999999,-999999,4.66,19.58,17.88,27.06,32.53,-999999,-999999,1.07,1.16,1.03,1.13,-999999,-999999,17.84
JBS - JBSS3,0.00,1118412000,118596759000,Consumo não Cíclico,Carnes e Derivados, 10703993000, -729145000, 16201265000,-999999,-999999,25411853000,47.82,2.25,2.39,4.61,8.01,-999999,-999999,25.15,21.47,-2.45,33.35,-999999,-999999,13.00,49.88,12.55,3.11,3.28,-20.38,1.24,-999999,-999999,4.67,21.15,10.88,-999999,73.67,-999999,-999999,0.78,0.70,0.50,0.41,-999999,-999999,15.37
ANIMA - ANIM3,4.17,26059000,4466411000,Consumo Cíclico,Serviços Educacionais, 204466000, -213173000, 11454000,-999999,-999999,878571000,182.11,2.13,2.28,3.78,4.42,-999999,-999999,4.91,3.75,-13.71,-3.70,-999999,-999999,13.11,5.87,0.29,14.47,7.49,-5.46,-15.25,-999999,-999999,5.08,-999999,-999999,-999999,-33.05,-999999,-999999,0.71,0.28,0.75,0.56,-999999,-999999,12.80
VIBRA ENERGIA S.A. - VBBR3,21.85,152457000,45327150000,"Petróleo, Gás e Biocombustíveis","Exploração, Refino e Distribuição", 6367000000, 4766000000, 1537000000,-999999,-999999,8745000000,23.64,2.22,1.11,1.09,2.93,-999999,-999999,30.13,31.23,30.30,12.19,-999999,-999999,14.38,18.37,5.53,3.95,3.14,5.34,11.32,-999999,-999999,5.18,9.61,23.56,8.34,5.95,-999999,-999999,1.19,0.98,1.62,1.38,-999999,-999999,8.30
VALID - VLID3,25.02,7430000,2003334000,Bens Industriais,Serviços Diversos, 379595000, 210621000, 36510000,-999999,-999999,375787000,40.69,-0.09,0.02,0.56,1.50,-999999,-999999,17.51,21.22,16.43,1.98,-999999,-999999,14.06,21.39,3.74,6.68,5.22,7.87,30.71,-999999,-999999,5.33,-999999,47.84,16.05,5.63,-999999,-999999,1.17,1.11,1.29,0.61,-999999,-999999,10.59
ISA ENERGIA BRASIL - ISAE4,23.21,35921000,28838110000,Utilidade Pública,Energia Elétrica, 3552731000, 2892362000, 2319790000,-999999,-999999,5304934000,43.59,2.19,1.91,1.89,1.93,-999999,-999999,17.48,17.75,16.35,13.98,-999999,-999999,13.24,30.98,5.42,4.29,4.33,6.15,6.70,-999999,-999999,5.44,1.37,14.80,8.98,11.18,-999999,-999999,0.75,0.77,1.00,0.94,-999999,-999999,10.23
KEPLER WEBER - KEPL3,8.03,10214000,1388547000,Bens Industriais,Máquinas e Equipamentos Industriais, 199183000, 245214000, 382472000,-999999,-999999,251889000,85.83,-0.19,-0.28,-0.47,-0.40,-999999,-999999,24.17,26.89,33.77,64.04,-999999,-999999,17.24,3.97,0.96,8.36,8.40,8.01,4.73,-999999,-999999,5.51,20.60,39.60,96.93,-999999,-999999,-999999,2.02,2.26,2.70,3.03,-999999,-999999,10.31
PETROBRÁS - PETR4,31.38,1180971000,752083638000,"Petróleo, Gás e Biocombustíveis","Exploração, Refino e Distribuição", 37009000000, 125166000000, 189005000000,-999999,-999999,136214000000,153.59,1.86,1.88,0.89,0.62,-999999,-999999,12.16,10.00,32.75,51.68,-999999,-999999,14.47,30.71,3.73,8.41,12.74,3.85,1.68,-999999,-999999,5.52,50.67,-2.01,36.21,246.76,-999999,-999999,1.02,1.27,1.26,0.87,-999999,-999999,17.40
VALE - VALE3,50.72,839654000,300253464000,Materiais Básicos,Minerais Metálicos, 30431000000, 40554000000, 96337000000,-999999,-999999,53619000000,68.61,0.99,0.90,0.62,0.36,-999999,-999999,15.57,15.28,20.91,51.27,-999999,-999999,16.32,44.52,6.93,7.32,7.84,8.77,4.21,-999999,-999999,5.60,3.98,-999999,9.54,40.38,-999999,-999999,1.14,1.20,1.83,2.16,-999999,-999999,9.43
BRF - BRFS3,20.91,180852000,42145580000,Consumo não Cíclico,Carnes e Derivados, 3691904000, -1868855000, -3141635000,-999999,-999999,7472623000,30.93,0.63,0.84,2.79,9.41,-999999,-999999,23.89,21.30,-13.59,-28.10,-999999,-999999,16.65,9.54,2.28,9.18,13.28,-11.45,-4.40,-999999,-999999,5.64,25.23,65.20,-999999,-999999,-999999,-999999,2.19,2.83,1.56,1.24,-999999,-999999,3.25
IOCHPE MAXION - MYPK3,12.80,8654000,5858753000,Consumo Cíclico,Automóveis e Motocicletas, 380084000, 105891000, 404170000,-999999,-999999,1037175000,48.54,2.49,2.58,3.04,2.46,-999999,-999999,5.23,5.81,0.83,7.12,-999999,-999999,8.04,28.02,1.47,8.73,6.55,64.47,6.49,-999999,-999999,5.65,-999999,-2.04,-19.13,38.19,-999999,-999999,0.46,0.38,0.54,0.46,-999999,-999999,5.61
TEGMA GESTÃO LOGÍSTICA - TGMA3,34.69,8888000,2149152000,Bens Industriais,Transporte Rodoviário, 270612000, 181912000, 159662000,-999999,-999999,377769000,61.64,-0.35,-0.16,-0.24,-0.16,-999999,-999999,28.62,29.28,21.72,20.79,-999999,-999999,23.01,14.62,4.19,8.29,7.00,10.29,8.03,-999999,-999999,5.69,30.37,6.89,10.94,9.00,-999999,-999999,2.37,2.05,2.24,1.67,-999999,-999999,7.50
POSITIVO - POSI3,4.39,5110000,1395492000,Tecnologia da Informação,Computadores e Equipamentos, 85038000, 250861000, 306366000,-999999,-999999,240890000,1327.52,2.54,1.95,1.41,2.24,-999999,-999999,0.18,4.91,15.54,21.71,-999999,-999999,7.80,11.34,0.02,212.89,9.14,4.00,4.39,-999999,-999999,5.79,-47.14,32.47,-999999,-999999,-999999,-999999,0.39,0.45,0.62,0.95,-999999,-999999,6.43
MAHLE-METAL LEVE - LEVE3,29.60,6807000,4718944000,Consumo Cíclico,Automóveis e Motocicletas, 541204000, 747778000, 562364000,-999999,-999999,809420000,71.52,0.77,0.73,0.59,0.04,-999999,-999999,56.36,70.45,82.19,35.94,-999999,-999999,34.94,6.54,3.69,8.03,6.87,6.40,7.38,-999999,-999999,5.83,32.53,16.10,20.60,20.14,-999999,-999999,4.52,4.84,5.26,2.65,-999999,-999999,9.01
SANEPAR - SAPR11,36.40,40550000,15752120000,Utilidade Pública,Água e Saneamento, 1545377000, 1503359000, 1151540000,-999999,-999999,2700471000,18.60,1.45,1.64,1.59,1.74,-999999,-999999,20.21,14.81,15.43,13.11,-999999,-999999,12.62,39.82,8.05,4.52,5.24,5.87,4.53,-999999,-999999,5.83,18.96,7.43,10.99,10.91,-999999,-999999,0.91,0.78,0.91,0.59,-999999,-999999,4.22
SABESP - SBSP3,114.97,240778000,98084869000,Utilidade Pública,Água e Saneamento, 9579562000, 3523529000, 3121270000,-999999,-999999,16692301000,24.90,1.02,1.09,1.78,2.17,-999999,-999999,26.66,25.94,11.80,11.42,-999999,-999999,18.72,56.18,14.98,7.68,6.31,14.62,12.52,-999999,-999999,5.88,60.10,23.26,4.44,4.38,-999999,-999999,2.05,1.64,1.73,1.43,-999999,-999999,3.28
MAGAZINE LUIZA - MGLU3,9.22,302802000,9670389000,Consumo Cíclico,Eletrodomésticos, 448717000, -979104000, -498970000,-999999,-999999,1638296000,52.02,0.96,0.83,1.87,2.27,-999999,-999999,3.82,3.96,-10.19,-4.69,-999999,-999999,9.09,15.37,0.59,15.72,10.70,-16.30,-40.58,-999999,-999999,5.90,2.05,-13.45,-999999,-999999,-999999,-999999,0.60,0.42,1.66,1.90,-999999,-999999,3.43
SÃO MARTINHO - SMTO3,18.58,27156000,14248256000,Consumo não Cíclico,Açucar e Alcool, 1078972000, 1000874000, 1089302000,-999999,-999999,2317713000,41.53,2.23,2.23,2.58,1.77,-999999,-999999,16.56,16.56,15.45,18.82,-999999,-999999,11.77,19.60,3.25,5.72,7.17,9.74,8.09,-999999,-999999,6.15,4.58,12.93,21.26,18.93,-999999,-999999,0.95,1.19,1.50,1.52,-999999,-999999,4.72
CYRELA - CYRE3,25.81,95013000,12916094000,Consumo Cíclico,Incorporações, 1921052000, 1105700000, 858590000,-999999,-999999,2033050000,13.41,1.41,1.40,2.06,2.66,-999999,-999999,18.28,18.54,12.25,11.36,-999999,-999999,11.98,24.35,4.45,5.80,3.95,9.82,6.20,-999999,-999999,6.35,1.80,29.17,183.57,-999999,-999999,-999999,1.06,0.73,1.20,0.70,-999999,-999999,4.22
GUARARAPES CONFECÇÕES - GUAR3,8.34,6220000,5032427000,Consumo Cíclico,"Tecidos, Vestuário e Calçados", 235138000, -34260000, 51980000,-999999,-999999,792546000,9.22,0.70,0.41,1.27,2.24,-999999,-999999,6.05,4.35,-0.66,0.99,-999999,-999999,8.67,10.78,0.65,12.79,13.14,-95.29,62.62,-999999,-999999,6.35,-999999,-16.88,-999999,-38.06,-999999,-999999,0.77,0.57,0.63,0.62,-999999,-999999,0.00
ELETROBRAS - ELET3,40.36,238566000,139801725000,Utilidade Pública,Energia Elétrica, 10380752000, 4394861000, 3638389000,-999999,-999999,21830797000,43.08,1.55,1.52,2.40,3.75,-999999,-999999,7.98,8.51,4.05,3.29,-999999,-999999,11.34,52.66,4.20,9.61,7.59,21.52,26.73,-999999,-999999,6.40,8.71,-0.69,-21.80,-999999,-999999,-999999,0.77,0.65,0.87,0.88,-999999,-999999,4.40
CEA MODAS - CEAB3,17.54,34336000,5329585000,Consumo Cíclico,"Tecidos, Vestuário e Calçados", 452479000, 2384000, 830000,-999999,-999999,827110000,0.00,-0.08,-0.08,0.45,3.82,-999999,-999999,11.82,13.68,0.08,0.03,-999999,-999999,16.05,10.58,1.25,14.02,5.48,1014.10,840.33,-999999,-999999,6.44,-999999,-14.18,-57.58,-999999,-999999,-999999,1.66,0.75,0.80,0.24,-999999,-999999,2.25
ALUPAR - ALUP11,30.80,26163000,19520546000,Utilidade Pública,Energia Elétrica, 1859906000, 1149502000, 1663873000,-999999,-999999,3014981000,46.55,2.80,2.99,3.58,2.99,-999999,-999999,13.26,13.18,9.44,13.20,-999999,-999999,13.78,25.84,3.43,8.99,7.71,13.84,9.01,-999999,-999999,6.47,-1.13,2.53,8.89,18.71,-999999,-999999,1.19,1.02,1.31,1.19,-999999,-999999,2.88
CPFL ENERGIA - CPFE3,40.50,30799000,70928929000,Utilidade Pública,Energia Elétrica, 5761554000, 5537161000, 5218810000,-999999,-999999,10792530000,33.62,1.87,1.93,1.63,1.69,-999999,-999999,23.97,26.33,29.28,31.37,-999999,-999999,16.65,19.31,4.63,8.75,6.67,8.03,7.50,-999999,-999999,6.57,8.69,15.96,20.65,33.23,-999999,-999999,2.10,1.76,2.35,2.35,-999999,-999999,6.96
SER EDUCACIONAL - SEER3,9.93,6591000,2015460000,Consumo Cíclico,Serviços Educacionais, -1162000, -28044000, -222151000,-999999,-999999,306599000,33.07,1.42,1.29,1.30,2.76,-999999,-999999,4.79,-0.10,-2.32,-17.95,-999999,-999999,12.29,9.73,0.47,21.31,-498.49,-36.08,-2.59,-999999,-999999,6.57,-18.32,-999999,-999999,-999999,-999999,-999999,1.02,0.48,0.84,0.46,-999999,-999999,1.55
ULTRAPAR - UGPA3,17.36,61505000,31664157000,"Petróleo, Gás e Biocombustíveis","Exploração, Refino e Distribuição", 2525900000, 2517728000, 1840090000,-999999,-999999,4787124000,34.49,2.16,1.91,1.29,1.63,-999999,-999999,14.90,15.59,18.06,15.38,-999999,-999999,1.63,13.62,2.03,8.55,7.50,12.12,7.81,-999999,-999999,6.61,21.27,44.36,17.33,3.17,-999999,-999999,1.27,1.17,2.19,1.20,-999999,-999999,4.15
GRENDENE - GRND3,5.34,9682000,3402512000,Consumo Cíclico,Calçados, 735236000, 557674000, 568027000,-999999,-999999,513701000,61.49,-2.38,-1.69,-2.22,-2.86,-999999,-999999,18.02,18.19,15.24,13.02,-999999,-999999,10.42,4.36,0.79,6.80,5.99,11.44,9.58,-999999,-999999,6.62,11.84,8.24,-0.97,-2.98,-999999,-999999,1.22,1.09,1.74,1.25,-999999,-999999,9.13
JSL - JSLG3,6.16,3894000,8187831000,Bens Industriais,Transporte Rodoviário, 207312000, 351783000, 194160000,-999999,-999999,1231868000,58.57,3.42,3.34,3.22,4.99,-999999,-999999,11.48,11.71,20.99,13.74,-999999,-999999,11.90,6.25,0.72,8.58,7.47,10.14,8.13,-999999,-999999,6.65,9.39,-8.24,13.21,63.30,-999999,-999999,0.99,0.88,2.13,1.12,-999999,-999999,7.13
MARCOPOLO - POMO4,7.68,66050000,9522720000,Bens Industriais,Material Rodoviário, 1222377000, 810811000, 436800000,-999999,-999999,1406586000,57.56,0.85,0.71,0.93,2.80,-999999,-999999,28.66,29.88,23.02,14.75,-999999,-999999,15.73,3.49,1.00,7.69,6.97,8.18,5.97,-999999,-999999,6.77,66.15,41.96,33.54,39.70,-999999,-999999,2.20,2.08,1.88,0.88,-999999,-999999,7.48
MILLS - MILS3,10.56,6395000,3656304000,Bens Industriais,Serviços Diversos, 285188000, 278213000, 216520000,-999999,-999999,538964000,49.02,1.52,1.49,0.64,0.36,-999999,-999999,19.17,19.71,19.05,17.50,-999999,-999999,12.81,6.35,1.22,8.68,7.04,11.44,12.36,-999999,-999999,6.78,-999999,-999999,-999999,-999999,-999999,-999999,1.66,1.39,2.18,2.16,-999999,-999999,5.77
ECORODOVIAS - ECOR3,7.69,25375000,24483050000,Bens Industriais,Exploração de Rodovias, 913451000, 596632000, 234070000,-999999,-999999,3606756000,16.53,4.09,3.59,3.84,4.79,-999999,-999999,22.93,26.38,20.80,10.67,-999999,-999999,10.62,5.13,1.18,6.54,3.27,11.52,12.61,-999999,-999999,6.79,-999999,-999999,9.76,-9.82,-999999,-999999,1.50,0.86,2.40,1.35,-999999,-999999,0.00
MINERVA - BEEF3,4.76,75044000,18476006000,Consumo não Cíclico,Carnes e Derivados, -1563806000, 395533000, 655056000,-999999,-999999,2671609000,0.00,4.54,5.04,3.46,2.36,-999999,-999999,-184.64,-325.66,241.46,128.75,-999999,-999999,9.78,-1.07,-1.98,-2.41,-1.98,10.77,12.06,-999999,-999999,6.92,-999999,-999999,-999999,-999999,-999999,-999999,-4.44,-6.46,26.01,15.53,-999999,-999999,0.00
SLC AGRICOLA - SLCE3,18.00,31222000,13047465000,Consumo não Cíclico,Agricultura, 481723000, 937890000, 1336720000,-999999,-999999,1880676000,32.42,2.30,2.01,1.29,0.87,-999999,-999999,15.21,12.74,18.18,27.56,-999999,-999999,15.17,11.08,1.69,10.68,15.23,9.32,7.46,-999999,-999999,6.94,8.36,8.86,18.20,29.34,-999999,-999999,1.62,1.94,1.69,2.06,-999999,-999999,2.95
MOVIDA - MOVI3,8.81,42942000,20133441000,Consumo Cíclico,Aluguel de carros, 231493000, -650847000, 556400000,-999999,-999999,2774379000,24.62,3.40,3.45,3.52,3.07,-999999,-999999,10.02,9.29,-25.81,20.10,-999999,-999999,11.90,7.20,0.72,12.21,5.54,-6.62,4.97,-999999,-999999,7.26,19.11,0.23,-999999,52.95,-999999,-999999,1.22,0.51,1.71,1.00,-999999,-999999,2.21
TAESA - TAEE11,34.40,49894000,21275647000,Utilidade Pública,Energia Elétrica, 1693242000, 1367734000, 1449206000,-999999,-999999,2921811000,46.86,3.20,3.13,3.57,2.88,-999999,-999999,23.08,24.40,24.00,22.06,-999999,-999999,15.54,21.18,4.89,7.04,6.69,8.25,8.24,-999999,-999999,7.28,-5.73,11.06,5.01,17.46,-999999,-999999,1.62,1.63,1.98,1.82,-999999,-999999,7.98
COPASA - CSMG3,26.52,46715000,15368644000,Utilidade Pública,Água e Saneamento, 1316920000, 1379346000, 843362000,-999999,-999999,2079002000,51.12,1.82,1.89,1.44,1.52,-999999,-999999,16.80,16.36,18.21,11.63,-999999,-999999,11.83,21.82,3.67,7.23,6.01,5.65,7.07,-999999,-999999,7.39,11.29,11.79,18.97,8.52,-999999,-999999,1.22,0.98,1.03,0.82,-999999,-999999,7.39
CAMIL - CAML3,5.20,6467000,4800802000,Consumo não Cíclico,Alimentos Diversos, 217001000, 360445000, 478719000,-999999,-999999,640999000,35.47,3.39,3.39,3.28,2.86,-999999,-999999,6.28,6.28,11.67,16.60,-999999,-999999,6.70,9.88,0.62,8.39,9.44,8.21,6.07,-999999,-999999,7.49,-14.05,-1.96,-0.11,13.81,-999999,-999999,0.53,0.59,0.96,1.01,-999999,-999999,5.89
COGNA EDUCAÇÃO - COGN3,2.81,95369000,10725350000,Consumo Cíclico,Serviços Educacionais, 991631000, -511349000, -541001000,-999999,-999999,1423218000,12.73,1.49,2.94,5.04,7.98,-999999,-999999,7.90,7.10,-4.23,-4.34,-999999,-999999,5.76,6.63,0.52,5.36,2.32,-13.29,-7.52,-999999,-999999,7.54,-999999,32.52,-999999,-999999,-999999,-999999,0.42,0.17,0.56,0.33,-999999,-999999,2.40
NEOENERGIA - NEOE3,24.81,21209000,75010309000,Utilidade Pública,Energia Elétrica, 3709000000, 4527000000, 4787000000,-999999,-999999,9901000000,28.71,3.51,3.55,3.09,3.10,-999999,-999999,10.38,11.14,14.94,17.64,-999999,-999999,10.42,27.85,2.89,8.58,6.31,5.81,3.97,-999999,-999999,7.58,4.20,9.94,23.22,60.35,-999999,-999999,0.89,0.70,0.87,0.70,-999999,-999999,4.00
RANDON - RAPT4,8.71,28652000,9633239000,Bens Industriais,Material Rodoviário, 691696000, 663489000, 666410000,-999999,-999999,1238944000,42.37,4.22,2.75,1.58,1.52,-999999,-999999,10.27,12.65,13.74,17.19,-999999,-999999,8.31,9.43,0.97,8.99,7.98,11.04,5.73,-999999,-999999,7.78,-7.02,18.14,23.94,44.79,-999999,-999999,0.92,1.01,1.52,0.99,-999999,-999999,4.71
GRUPO SBF - SBFG3,11.72,18950000,4690330000,Consumo Cíclico,Produtos Diversos, 535834000, 168812000, 204606000,-999999,-999999,602377000,31.13,2.23,2.34,2.99,2.80,-999999,-999999,19.46,17.80,6.66,8.51,-999999,-999999,10.87,11.91,2.32,5.05,4.88,16.92,15.21,-999999,-999999,7.79,-999999,11.59,-999999,-999999,-999999,-999999,0.98,0.87,1.13,1.29,-999999,-999999,4.80
IRANI - RANI3,7.25,4474000,2832003000,Materiais Básicos,Papel e Celulose, 304519000, 383434000, 378209000,-999999,-999999,352591000,49.26,2.01,2.11,1.54,1.09,-999999,-999999,22.84,22.28,29.96,33.62,-999999,-999999,8.07,5.89,1.35,5.39,5.37,6.83,5.10,-999999,-999999,8.03,28.31,-999999,163.63,-999999,-999999,-999999,1.23,1.20,2.05,1.72,-999999,-999999,9.10
QUALICORP - QUAL3,1.84,3823000,1392881000,Saúde,"Serviços Médicos, Hospitalares, Análises e Diagnósticos", 15063000, -75410000, 101489000,-999999,-999999,173485000,0.00,1.59,1.69,2.11,1.98,-999999,-999999,0.29,0.51,-6.49,6.89,-999999,-999999,5.22,4.57,0.01,138.73,65.62,-11.71,17.96,-999999,-999999,8.03,-49.91,-47.91,-999999,-23.44,-999999,-999999,0.40,0.34,0.76,1.24,-999999,-999999,0.00
ODONTOPREV - ODPV3,11.55,22582000,5883434000,Saúde,"Serviços Médicos, Hospitalares, Análises e Diagnósticos", 539133000, 511590000, 451370000,-999999,-999999,731628000,138.30,-0.64,-0.51,-0.54,-0.39,-999999,-999999,41.21,43.92,36.87,38.14,-999999,-999999,36.23,2.47,1.02,11.35,11.13,12.55,11.03,-999999,-999999,8.04,9.33,13.61,12.39,-2.14,-999999,-999999,4.68,4.89,4.63,4.21,-999999,-999999,8.21
HELBOR - HBOR3,2.71,3383000,1857126000,Consumo Cíclico,Incorporações, 163020000, 172845000, 107746000,-999999,-999999,225212000,23.71,5.80,5.58,6.42,8.67,-999999,-999999,3.91,3.89,3.61,3.72,-999999,-999999,6.20,10.91,0.43,6.35,3.27,9.29,5.35,-999999,-999999,8.25,21.70,-999999,-999999,-999999,-999999,-999999,0.25,0.13,0.34,0.20,-999999,-999999,3.89
FLEURY - FLRY3,13.20,29667000,10260260000,Saúde,"Serviços Médicos, Hospitalares, Análises e Diagnósticos", 603654000, 420823000, 308727000,-999999,-999999,1203702000,88.72,1.51,1.54,2.08,1.99,-999999,-999999,12.01,11.65,8.34,11.48,-999999,-999999,9.47,9.55,1.15,11.51,10.72,23.29,26.15,-999999,-999999,8.52,18.92,14.09,4.88,-0.75,-999999,-999999,1.38,1.25,1.94,3.00,-999999,-999999,7.70
VIVARA - VIVA3,25.20,74239000,6244572000,Consumo Cíclico,Acessórios, 653393000, 369244000, 360853000,-999999,-999999,732660000,21.28,0.33,0.14,-0.06,-0.18,-999999,-999999,28.05,26.17,19.10,21.76,-999999,-999999,21.78,11.06,3.10,8.12,6.96,21.91,14.68,-999999,-999999,8.52,37.95,20.43,-999999,-999999,-999999,-999999,2.28,1.82,4.18,3.20,-999999,-999999,2.63
ENERGISA - ENGI11,47.06,95201000,50859856000,Utilidade Pública,Energia Elétrica, 4636282000, 2583534000, 2428025000,-999999,-999999,5934089000,36.25,3.57,3.33,3.28,3.21,-999999,-999999,20.36,21.93,15.92,19.38,-999999,-999999,10.24,39.29,8.00,5.88,4.41,13.01,9.48,-999999,-999999,8.57,23.01,54.47,16.97,33.50,-999999,-999999,1.20,0.97,2.07,1.84,-999999,-999999,6.26
TIM - TIMS3,21.20,101365000,49002053000,Telecomunicações,Telecomunicações, 3153881000, 2836950000, 1670760000,-999999,-999999,5712760000,87.64,-0.18,-0.21,-0.11,0.02,-999999,-999999,14.03,11.94,10.90,6.58,-999999,-999999,20.33,10.10,1.42,14.95,11.11,15.30,17.97,-999999,-999999,8.58,13.23,-2.73,2.19,6.24,-999999,-999999,2.10,1.33,1.67,1.18,-999999,-999999,7.78
ATACADÃO - CARREFOUR - CRFB3,0.00,71801000,37449800000,Consumo não Cíclico,Alimentos, 1940000000, -639000000, 1998000000,-999999,-999999,4360000000,10.31,3.17,1.60,1.85,1.20,-999999,-999999,9.21,8.42,-4.14,8.58,-999999,-999999,8.52,9.98,0.92,9.22,6.53,-33.03,17.93,-999999,-999999,8.59,-5.59,7.87,-999999,3.13,-999999,-999999,0.85,0.55,1.37,1.54,-999999,-999999,1.12
ENGIE BRASIL - EGIE3,43.52,41899000,55775101000,Utilidade Pública,Energia Elétrica, 4302841000, 3429060000, 2664567000,-999999,-999999,6484724000,69.03,2.66,2.25,2.04,2.23,-999999,-999999,27.84,37.98,38.70,31.57,-999999,-999999,14.55,14.81,4.12,10.56,6.77,10.78,11.61,-999999,-999999,8.60,4.25,13.24,8.17,5.86,-999999,-999999,2.94,2.57,4.17,3.66,-999999,-999999,5.62
AZUL - AZUL4,0.96,45428000,35153965000,Bens Industriais,Transporte Aéreo, -9151369000, -2380427000, -722357000,-999999,-999999,4070788000,0.00,4.84,5.91,5.65,10.89,-999999,-999999,-22.66,-30.07,-11.16,-3.80,-999999,-999999,64.70,-31.75,-7.20,-0.13,-0.35,-6.03,-13.66,-999999,-999999,8.64,-999999,-999999,-999999,-999999,-999999,-999999,-0.03,-0.10,-0.67,-0.52,-999999,-999999,0.00
AMBEV - ABEV3,13.53,255790000,196162881000,Consumo não Cíclico,Cervejas e Refrigerantes, 14846952000, 14960423000, 14891300000,-999999,-999999,22637012000,86.85,-0.57,-0.91,-0.51,-0.47,-999999,-999999,15.27,14.64,18.36,17.64,-999999,-999999,18.02,6.00,0.92,14.78,12.82,14.92,15.83,-999999,-999999,8.67,4.82,4.03,5.68,13.84,-999999,-999999,2.26,1.88,2.74,2.79,-999999,-999999,6.83
PRIO - PRIO3,41.51,370471000,55110299000,"Petróleo, Gás e Biocombustíveis","Exploração, Refino e Distribuição", 10301606000, 5179905000, 3427068000,-999999,-999999,6288063000,0.00,1.84,1.95,0.78,-0.08,-999999,-999999,42.58,39.74,37.32,34.64,-999999,-999999,0.78,29.68,12.64,3.28,3.49,7.97,9.73,-999999,-999999,8.76,90.39,74.54,90.79,132.13,-999999,-999999,1.40,1.39,2.97,3.37,-999999,-999999,0.00
TRISUL - TRIS3,7.77,3962000,1805780000,Consumo Cíclico,Incorporações, 174844000, 130195000, 69755000,-999999,-999999,201988000,40.88,1.57,1.65,3.66,4.20,-999999,-999999,12.16,11.76,9.20,5.38,-999999,-999999,7.02,8.04,0.98,7.95,4.80,8.74,9.45,-999999,-999999,8.94,0.34,2.97,11.08,14.50,-999999,-999999,0.97,0.56,0.80,0.51,-999999,-999999,3.90
EZ TEC - EZTC3,13.40,12786000,3358927000,Consumo Cíclico,Incorporações, 428718000, 246096000, 342110000,-999999,-999999,371182000,58.44,1.00,1.01,0.45,-0.96,-999999,-999999,9.02,8.42,5.15,7.26,-999999,-999999,5.13,22.17,2.00,6.70,5.92,17.26,9.14,-999999,-999999,9.05,2.49,8.10,19.22,-1.09,-999999,-999999,0.60,0.50,0.89,0.66,-999999,-999999,8.91
SUZANO - SUZB3,51.99,338507000,140333217000,Materiais Básicos,Papel e Celulose, -7044706000, 14106381000, 23394890000,-999999,-999999,15397901000,-268.77,2.97,3.19,2.87,1.96,-999999,-999999,-2.47,-21.90,31.51,70.72,-999999,-999999,9.09,30.38,-0.75,-69.27,-11.05,4.99,2.61,-999999,-999999,9.11,-999999,-999999,113.44,66.88,-999999,-999999,1.71,2.42,1.57,1.84,-999999,-999999,3.92
VULCABRAS - VULC3,19.81,10221000,5454799000,Consumo Cíclico,Calçados, 569867000, 494883000, 469930000,-999999,-999999,593172000,64.32,0.02,0.04,0.12,0.42,-999999,-999999,26.62,27.01,24.81,27.46,-999999,-999999,22.85,8.03,2.14,9.27,7.48,11.18,7.29,-999999,-999999,9.20,79.45,31.84,26.61,19.99,-999999,-999999,2.47,2.02,2.77,2.00,-999999,-999999,7.58
USIMINAS - USIM5,4.19,65171000,7665706000,Materiais Básicos,Siderurgia, 3362000, 1640372000, 2092895000,-999999,-999999,806972000,0.00,0.67,0.47,-0.05,0.32,-999999,-999999,1.38,0.23,6.26,6.98,-999999,-999999,2.25,19.29,0.27,15.74,123.47,7.79,5.55,-999999,-999999,9.50,-25.09,-61.08,14.63,46.04,-999999,-999999,0.22,0.28,0.49,0.39,-999999,-999999,0.00
UNIPAR CARBOCLORO - UNIP6,58.39,6135000,7365441000,Materiais Básicos,Químicos Diversos, 557118000, 791273000, 1334300000,-999999,-999999,763429000,84.83,0.89,0.77,-0.06,-0.01,-999999,-999999,24.57,19.91,32.51,57.22,-999999,-999999,10.41,23.41,5.75,10.15,9.73,10.01,6.83,-999999,-999999,9.65,11.97,26.45,8.43,34.54,-999999,-999999,2.49,1.94,3.25,3.91,-999999,-999999,8.63
CSN - CSNA3,7.67,63392000,44613533000,Materiais Básicos,Siderurgia, -1538141000, 402649000, 2167692000,-999999,-999999,4574724000,-27.85,4.07,4.06,3.19,3.59,-999999,-999999,-20.03,-21.12,-1.82,7.97,-999999,-999999,6.63,9.87,-1.98,-3.88,-4.53,-81.93,12.42,-999999,-999999,9.75,-999999,-999999,-40.05,81.12,-999999,-999999,0.78,0.96,1.49,0.99,-999999,-999999,7.08
DIRECIONAL ENGENHARIA - DIRR3,42.66,56752000,7752023000,Consumo Cíclico,Incorporações, 727668000, 386877000, 276553000,-999999,-999999,793217000,88.53,0.41,0.02,0.04,0.51,-999999,-999999,29.96,31.67,16.97,15.70,-999999,-999999,17.31,12.56,3.76,11.34,7.23,11.72,12.99,-999999,-999999,9.77,37.96,43.21,-999999,-999999,-999999,-999999,3.40,2.29,1.99,2.04,-999999,-999999,8.00
EQUATORIAL ENERGIA - EQTL3,35.95,227690000,88805275000,Utilidade Pública,Energia Elétrica, 3767805000, 2876284000, 1922004000,-999999,-999999,9048642000,31.90,3.78,3.80,3.49,5.02,-999999,-999999,11.53,10.77,9.84,8.27,-999999,-999999,10.85,21.46,2.47,14.53,12.16,21.48,24.54,-999999,-999999,9.81,2.47,6.77,19.40,9.79,-999999,-999999,1.68,1.31,2.11,2.03,-999999,-999999,2.22
DEXCO - DXCO3,5.72,11101000,9727888000,Materiais Básicos,Madeira, 174375000, 811270000, 764928000,-999999,-999999,986695000,91.24,2.29,2.19,1.72,1.71,-999999,-999999,3.75,2.47,12.33,12.87,-999999,-999999,6.70,8.38,0.31,18.20,28.37,8.39,7.36,-999999,-999999,9.86,-10.00,-15.54,13.44,32.83,-999999,-999999,0.68,0.70,1.03,0.95,-999999,-999999,0.95
CONSTRUTORA TENDA - TEND3,23.95,38705000,3392307000,Consumo Cíclico,Incorporações, 100711000, -102510000, -555714000,-999999,-999999,341167000,0.00,1.08,1.00,3.92,-3.15,-999999,-999999,17.30,11.24,-11.15,-76.84,-999999,-999999,14.78,8.80,1.52,15.72,14.39,-19.05,-0.95,-999999,-999999,9.94,-2.83,-17.56,-999999,-999999,-999999,-999999,2.72,1.62,2.12,0.73,-999999,-999999,0.73
MOTIVA SA - MOTV3,13.72,61777000,58764466000,Bens Industriais,Exploração de Rodovias, 1311615000, 1860446000, 4212180000,-999999,-999999,5892464000,43.10,4.18,3.88,3.05,1.78,-999999,-999999,10.23,9.18,13.63,36.05,-999999,-999999,9.87,7.03,0.72,19.08,16.45,16.86,5.29,-999999,-999999,9.97,77.64,-1.66,23.94,18.76,-999999,-999999,1.95,1.51,2.30,1.91,-999999,-999999,2.32
YDUQS - YDUQ3,16.32,53335000,9155533000,Consumo Cíclico,Serviços Educacionais, 341206000, 154652000, -55441000,-999999,-999999,915423000,51.64,2.56,2.62,2.80,3.21,-999999,-999999,10.29,10.92,5.01,-1.98,-999999,-999999,10.39,10.74,1.11,14.77,7.24,42.54,-50.49,-999999,-999999,10.00,26.19,-11.99,-24.84,-999999,-999999,-999999,1.52,0.79,2.13,1.00,-999999,-999999,3.53
MARFRIG - MRFG3,23.92,132841000,63857067000,Consumo não Cíclico,Carnes e Derivados, 3880870000, -3621245000, 2762978000,-999999,-999999,6334245000,86.19,3.18,3.29,4.26,3.09,-999999,-999999,100.15,98.98,-19.89,74.89,-999999,-999999,5.54,3.28,3.29,7.28,5.23,-5.48,1.79,-999999,-999999,10.08,-1.80,19.66,-999999,-999999,-999999,-999999,7.29,5.17,1.09,1.34,-999999,-999999,11.65
SANTOS BRASIL - STBP3,13.78,52057000,14153687000,Bens Industriais,Serviços de Apoio e Armazenagem, 741966000, 504303000, 429456000,-999999,-999999,1375940000,283.44,1.37,1.36,0.06,-0.35,-999999,-999999,130.43,112.19,22.75,20.52,-999999,-999999,32.20,0.70,0.92,15.02,15.29,16.06,15.72,-999999,-999999,10.29,-999999,117.13,179.08,269.68,-999999,-999999,19.59,17.16,3.65,3.22,-999999,-999999,5.45
TUPY - TUPY3,18.09,6660000,5152800000,Bens Industriais,Material Rodoviário, 82440000, 517013000, 502220000,-999999,-999999,480151000,-589.79,2.91,2.53,1.84,1.77,-999999,-999999,-1.29,2.28,15.29,16.76,-999999,-999999,4.09,22.99,-0.30,-60.97,43.34,8.25,7.70,-999999,-999999,10.73,-999999,-21.63,13.73,26.77,-999999,-999999,0.79,0.99,1.26,1.29,-999999,-999999,7.32
CASAS BAHIA - BHIA3,3.16,18117000,8840474000,Consumo Cíclico,Eletrodomésticos, -1045000000, -2625000000, -342000000,-999999,-999999,813000000,0.00,4.55,4.45,-290.27,3.29,-999999,-999999,-57.06,-42.19,-76.00,-6.47,-999999,-999999,1.65,21.97,-12.54,-0.25,-0.26,-0.41,-16.68,-999999,-999999,10.87,-999999,-999999,-999999,-999999,-999999,-999999,0.14,0.11,0.31,1.08,-999999,-999999,0.00
COPEL - CPLE6,12.63,120737000,49352240000,Utilidade Pública,Energia Elétrica, 2799370000, 2327168000, 1149320000,-999999,-999999,4410691000,100.95,2.17,2.37,1.84,2.32,-999999,-999999,11.20,10.94,9.46,5.34,-999999,-999999,8.38,8.81,0.99,12.80,9.71,13.68,21.22,-999999,-999999,11.19,-5.60,6.30,10.11,0.55,-999999,-999999,1.43,1.06,1.29,1.13,-999999,-999999,6.52
M. DIAS BRANCO - MDIA3,23.73,7173000,8064922000,Consumo não Cíclico,Alimentos Diversos, 645948000, 888654000, 481840000,-999999,-999999,703243000,35.10,0.02,0.18,-0.07,1.74,-999999,-999999,7.04,8.08,11.69,7.18,-999999,-999999,5.46,23.47,1.65,14.35,10.52,14.74,25.21,-999999,-999999,11.47,-6.01,2.90,4.20,-10.61,-999999,-999999,1.01,0.85,1.72,1.81,-999999,-999999,2.39
KLABIN - KLBN11,17.73,78244000,51834430000,Materiais Básicos,Papel e Celulose, 2046945000, 2847388000, 4688903000,-999999,-999999,4421875000,80.18,4.55,4.86,3.43,2.62,-999999,-999999,20.94,27.53,23.26,49.08,-999999,-999999,9.02,6.98,1.46,12.13,15.66,9.27,4.78,-999999,-999999,11.72,-999999,23.43,72.42,54.53,-999999,-999999,2.54,4.31,2.15,2.35,-999999,-999999,6.67
DIMED - PNVL3,9.40,4375000,2431818000,Saúde,Medicamentos e Outros Produtos, 105509000, 92905000, 86341000,-999999,-999999,198316000,41.02,2.46,2.52,2.12,2.22,-999999,-999999,7.82,8.55,7.92,7.79,-999999,-999999,7.41,8.28,0.65,14.51,12.54,21.62,17.66,-999999,-999999,12.26,11.65,6.57,4.38,7.62,-999999,-999999,1.13,1.07,1.71,1.38,-999999,-999999,3.83
VIVO - TELEFÔNICA BRASIL - VIVT3,30.70,171995000,112495408000,Telecomunicações,Telecomunicações, 5557687000, 5039977000, 4057910000,-999999,-999999,8758292000,86.32,0.53,0.61,0.67,0.88,-999999,-999999,8.38,7.95,7.23,5.97,-999999,-999999,9.21,20.89,1.75,17.53,13.75,17.33,15.31,-999999,-999999,12.84,3.69,2.13,-10.81,-2.51,-999999,-999999,1.47,1.09,1.25,0.91,-999999,-999999,3.77
RAIA DROGASIL - RADL3,15.13,186192000,28695272000,Saúde,Medicamentos e Outros Produtos, 1211373000, 1087312000, 1014975000,-999999,-999999,2226322000,51.07,0.70,0.66,0.72,0.56,-999999,-999999,18.13,18.65,17.71,18.65,-999999,-999999,21.43,3.78,0.68,22.10,31.50,47.88,39.34,-999999,-999999,12.89,18.93,8.88,16.38,14.64,-999999,-999999,4.01,5.87,8.48,7.34,-999999,-999999,2.59
LOJAS RENNER - LREN3,19.38,173855000,19327722000,Consumo Cíclico,"Tecidos, Vestuário e Calçados", 1196668000, 976259000, 1291703000,-999999,-999999,1456139000,54.35,-0.45,-0.73,-0.59,-0.45,-999999,-999999,12.45,11.11,9.72,12.80,-999999,-999999,11.89,9.69,1.21,16.06,10.73,17.19,15.27,-999999,-999999,13.27,3.12,1.72,-0.88,12.01,-999999,-999999,2.00,1.19,1.67,1.96,-999999,-999999,3.62
LOCALIZA - RENT3,43.51,315310000,81734185000,Consumo Cíclico,Aluguel de carros, 1813310000, 1803090000, 1841200000,-999999,-999999,6018234000,93.37,2.81,2.80,2.88,4.20,-999999,-999999,7.28,6.89,7.11,8.97,-999999,-999999,8.59,24.42,1.78,24.49,19.22,38.13,31.23,-999999,-999999,13.58,12.90,16.81,22.29,29.49,-999999,-999999,1.78,1.32,2.71,2.80,-999999,-999999,3.93
CVC - CVCB3,2.41,29623000,1430147000,Consumo Cíclico,Viagens e Turismo, -103341000, -456880000, -433450000,-999999,-999999,102801000,0.00,0.50,0.10,2.02,0.49,-999999,-999999,-14.72,-19.44,-75.15,-136.96,-999999,-999999,7.37,0.99,-0.15,-16.58,-7.02,-4.03,-5.44,-999999,-999999,13.91,-999999,-999999,-999999,-999999,-999999,-999999,2.44,1.36,3.03,7.46,-999999,-999999,0.00
EMBRAER - EMBR3,73.37,260225000,57457661000,Bens Industriais,Material Aeronáutico e de Defesa, 1923831000, 784315000, -1047230000,-999999,-999999,4087047000,2.35,0.57,0.35,1.38,7.81,-999999,-999999,12.07,10.08,5.81,-7.12,-999999,-999999,12.03,24.73,2.98,24.58,21.68,21.16,-11.11,-999999,-999999,14.06,-999999,-999999,-999999,-999999,-999999,-999999,2.97,2.18,1.23,0.79,-999999,-999999,0.36
ENEVA - ENEV3,14.06,100287000,36717055000,Utilidade Pública,Energia Elétrica, 549472000, 303432000, 375782000,-999999,-999999,2444515000,0.00,3.33,3.47,3.99,8.09,-999999,-999999,2.55,0.22,1.90,2.75,-999999,-999999,2.16,12.08,0.31,45.72,397.18,91.66,50.31,-999999,-999999,15.02,-1.12,-1.71,-19.33,31.97,-999999,-999999,1.16,0.88,1.75,1.38,-999999,-999999,0.00
SERENA ENERGIA S.A. - SRNA3,11.61,77499000,17965669000,Utilidade Pública,Energia Elétrica, 297423000, 62166000, -8030000,-999999,-999999,1175471000,0.00,5.45,4.63,6.40,7.01,-999999,-999999,0.11,5.27,1.21,-0.21,-999999,-999999,5.74,8.74,0.01,1240.33,11.53,101.20,-542.49,-999999,-999999,15.28,-34.81,55.58,4.44,-999999,-999999,-999999,1.33,0.61,1.22,1.16,-999999,-999999,0.00
FRAS-LE - FRAS3,27.04,7511000,9316308000,Bens Industriais,Material Rodoviário, 374703000, 388731000, 203339000,-999999,-999999,594997000,42.71,2.57,0.37,-0.27,-0.32,-999999,-999999,15.38,16.57,20.53,11.61,-999999,-999999,9.49,7.89,1.21,22.27,15.05,12.16,12.67,-999999,-999999,15.66,13.01,62.77,34.43,25.95,-999999,-999999,3.43,2.49,2.50,1.47,-999999,-999999,1.92
EVEN - EVEN3,7.38,4706000,1721707000,Consumo Cíclico,Incorporações, 162298000, 341294000, 195032000,-999999,-999999,104343000,257.45,2.29,3.10,1.30,-1.41,-999999,-999999,1.65,2.34,11.10,5.46,-999999,-999999,2.12,9.43,0.16,47.50,25.46,7.59,8.78,-999999,-999999,16.50,20.39,2.60,-999999,-999999,-999999,-999999,0.78,0.60,0.84,0.48,-999999,-999999,5.55
AZZAS 2154 - AZZA3,40.57,100231000,10513857000,Consumo Cíclico,"Tecidos, Vestuário e Calçados", 545527000, 398673000, 422540000,-999999,-999999,552524000,59.62,1.99,2.35,0.42,-0.10,-999999,-999999,4.95,4.44,13.73,16.00,-999999,-999999,2.66,37.80,1.87,21.68,17.87,33.36,38.05,-999999,-999999,19.03,51.27,15.86,22.82,22.29,-999999,-999999,1.07,0.79,4.58,6.09,-999999,-999999,2.89
WEG - WEGE3,41.40,234788000,171346575000,Bens Industriais,"Motores, Compressores e Outros", 6318763000, 5867615000, 4272870000,-999999,-999999,8030568000,50.99,-0.27,-0.52,-0.60,-0.27,-999999,-999999,29.42,27.21,33.05,28.37,-999999,-999999,26.08,5.07,1.49,27.76,36.66,27.03,38.41,-999999,-999999,21.34,22.39,31.09,34.28,30.22,-999999,-999999,8.17,9.98,8.93,10.90,-999999,-999999,2.11
RUMO - RAIL3,17.83,188004000,46188769000,Bens Industriais,Transporte Ferroviário, -949243000, 721912000, 514020000,-999999,-999999,2116334000,0.00,2.80,2.46,2.08,1.87,-999999,-999999,-9.78,-6.51,4.59,3.34,-999999,-999999,4.83,7.87,-0.77,-23.16,-34.50,59.13,67.04,-999999,-999999,21.82,-999999,-999999,21.47,-999999,-999999,-999999,2.27,2.25,2.72,2.24,-999999,-999999,4.65
HYPERA - HYPE3,27.90,76562000,25227130000,Saúde,Medicamentos e Outros Produtos, 1330875000, 1650550000, 1698401000,-999999,-999999,1014507000,72.33,5.79,3.64,2.67,2.57,-999999,-999999,6.89,11.09,14.32,15.94,-999999,-999999,1.88,18.53,1.28,21.85,8.54,13.74,16.87,-999999,-999999,24.87,-9.17,2.71,7.88,11.15,-999999,-999999,1.51,0.95,1.97,2.69,-999999,-999999,3.17
HAPVIDA - HAPV3,38.00,180411000,22766234000,Saúde,"Serviços Médicos, Hospitalares, Análises e Diagnósticos", -637112000, -740046000, -775870000,-999999,-999999,913043000,0.00,1.55,1.79,1.74,3.90,-999999,-999999,-1.08,-1.30,-1.51,-1.65,-999999,-999999,1.06,97.22,-1.05,-36.14,-26.64,-45.40,-47.49,-999999,-999999,24.93,-999999,-999999,-999999,-999999,-999999,-999999,0.39,0.35,0.68,0.79,-999999,-999999,0.00
TOTVS - TOTS3,41.84,110595000,24765240000,Tecnologia da Informação,Programas e Serviços, 735443000, 764435000, 523305000,-999999,-999999,941306000,45.02,-0.25,-0.23,-1.42,-1.11,-999999,-999999,16.37,15.33,15.57,11.64,-999999,-999999,13.54,8.01,1.31,31.93,22.35,27.48,30.82,-999999,-999999,26.31,22.29,28.41,66.01,41.19,-999999,-999999,5.23,3.43,4.28,3.59,-999999,-999999,1.78
COSAN - CSAN3,7.15,124099000,65609460000,"Petróleo, Gás e Biocombustíveis","Exploração, Refino e Distribuição", -8161766000, 4884744000, 2820880000,-999999,-999999,2491493000,-7.65,7.58,7.15,2.90,3.97,-999999,-999999,-139.63,-86.43,5.22,5.69,-999999,-999999,-2.35,4.23,-5.90,-1.21,-1.62,33.02,27.17,-999999,-999999,26.33,-999999,-999999,20.74,13.31,-999999,-999999,1.69,1.40,1.72,1.55,-999999,-999999,0.00
NATURA - NTCO3,10.49,63558000,17466586000,Consumo não Cíclico,Produtos de Uso Pessoal, -8925895000, 2974510000, -2858620000,-999999,-999999,527897000,-0.55,2.03,1.71,-1.16,4.33,-999999,-999999,-53.93,-56.95,12.87,-12.80,-999999,-999999,-1.84,10.89,-5.87,-1.79,-1.98,7.88,-5.63,-999999,-999999,33.09,-999999,-999999,-999999,-999999,-999999,-999999,0.96,1.13,1.01,0.72,-999999,-999999,0.00
MRV - MRVE3,5.99,60050000,12200689000,Consumo Cíclico,Incorporações, -482097000, -18439000, -149341000,-999999,-999999,341746000,0.00,16.35,15.45,36.60,10.52,-999999,-999999,-11.55,-7.82,-0.44,-3.48,-999999,-999999,1.03,10.65,-1.23,-4.87,-5.94,-211.99,-21.12,-999999,-999999,35.70,-999999,-999999,-999999,-999999,-999999,-999999,0.56,0.46,0.94,0.73,-999999,-999999,0.00
ALPARGATAS - ALPA4,9.27,17257000,6020289000,Consumo Cíclico,Calçados, 107397000, -1867484000, 108543000,-999999,-999999,143478000,35.51,-0.55,-0.24,-0.45,2.48,-999999,-999999,4.83,2.68,-50.09,2.11,-999999,-999999,2.17,5.93,0.29,32.38,40.23,-3.70,84.81,-999999,-999999,41.96,8.99,-16.17,-999999,-20.90,-999999,-999999,1.56,1.08,1.85,1.79,-999999,-999999,1.16
